["Aach", "Aachen", "Aalen", "Abenberg", "Abensberg", "Achern", "Achim", "Adelsheim", "Adenau", "Adorf/Vogtl.", "Ahaus", "Ahlen", "Ahrensburg", "Aichach", "Aichtal", "Aken Elbe", "Albstadt", "Alfeld Leine", "Allendorf Lumda", "Allstedt", "Alpirsbach", "Alsdorf", "Alsfeld", "Alsleben Saale", "Altdorf bei N\u00fcrnberg", "Altena", "Altenberg", "Altenburg", "Altenkirchen Westerwald", "Altensteig", "Altentreptow", "Altlandsberg", "Alt\u00f6tting", "Alzenau", "Alzey", "Amberg", "Am\u00f6neburg", "Amorbach", "Andernach", "Angerm\u00fcnde", "Anklam, Hansestadt", "Annaberg-Buchholz", "Annaburg", "Annweiler am Trifels", "Ansbach", "Apolda", "Arendsee Altmark", "Arneburg", "Arnis", "Arnsberg", "Arnstadt", "Arnstein", "Arnstein", "Artern/Unstrut", "Arzberg", "Aschaffenburg", "Aschersleben", "Asperg", "A\u00dflar", "Attendorn", "Aub", "Aue", "Auerbach in der Oberpfalz", "Auerbach/Vogtl.", "Augsburg", "Augustusburg", "Aulendorf", "Auma-Weidatal", "Aurich", "Babenhausen", "Bacharach", "Backnang", "Bad Aibling", "Bad Arolsen", "Bad Belzig", "Bad Bentheim", "Bad Bergzabern", "Bad Berka", "Bad Berleburg", "Bad Berneck im Fichtelgebirge", "Bad Bevensen", "Bad Bibra", "Bad Blankenburg", "Bad Bramstedt", "Bad Breisig", "Bad Br\u00fcckenau", "Bad Buchau", "Bad Camberg", "Bad Colberg-Heldburg", "Bad Doberan", "Bad Driburg", "Bad D\u00fcben", "Bad D\u00fcrkheim", "Bad D\u00fcrrenberg", "Bad D\u00fcrrheim", "Bad Elster", "Bad Ems", "Baden-Baden", "Bad Fallingbostel", "Bad Frankenhausen/Kyffh\u00e4user", "Bad Freienwalde Oder", "Bad Friedrichshall", "Bad Gandersheim", "Bad Gottleuba-Berggie\u00dfh\u00fcbel", "Bad Griesbach im Rottal", "Bad Harzburg", "Bad Herrenalb", "Bad Hersfeld", "Bad Homburg vor der H\u00f6he", "Bad Honnef", "Bad H\u00f6nningen", "Bad Iburg", "Bad Karlshafen", "Bad Kissingen", "Bad K\u00f6nig", "Bad K\u00f6nigshofen im Grabfeld", "Bad K\u00f6stritz", "Bad K\u00f6tzting", "Bad Kreuznach", "Bad Krozingen", "Bad Laasphe", "Bad Langensalza", "Bad Lauchst\u00e4dt", "Bad Lausick", "Bad Lauterberg im Harz", "Bad Liebenstein", "Bad Liebenwerda", "Bad Liebenzell", "Bad Lippspringe", "Bad Lobenstein", "Bad Marienberg Westerwald", "Bad Mergentheim", "Bad M\u00fcnder am Deister", "Bad M\u00fcnstereifel", "Bad Muskau", "Bad Nauheim", "Bad Nenndorf", "Bad Neuenahr-Ahrweiler", "Bad Neustadt an der Saale", "Bad Oeynhausen", "Bad Oldesloe", "Bad Orb", "Bad Pyrmont", "Bad Rappenau", "Bad Reichenhall", "Bad Rodach", "Bad Sachsa", "Bad S\u00e4ckingen", "Bad Salzdetfurth", "Bad Salzuflen", "Bad Salzungen", "Bad Saulgau", "Bad Schandau", "Bad Schmiedeberg", "Bad Schussenried", "Bad Schwalbach", "Bad Schwartau", "Bad Segeberg", "Bad Sobernheim", "Bad Soden am Taunus", "Bad Soden-Salm\u00fcnster", "Bad Sooden-Allendorf", "Bad Staffelstein", "Bad Sulza", "Bad S\u00fclze", "Bad Teinach-Zavelstein", "Bad Tennstedt", "Bad T\u00f6lz", "Bad Urach", "Bad Vilbel", "Bad Waldsee", "Bad Wildbad", "Bad Wildungen", "Bad Wilsnack", "Bad Wimpfen", "Bad Windsheim", "Bad W\u00f6rishofen", "Bad W\u00fcnnenberg", "Bad Wurzach", "Baesweiler", "Baiersdorf", "Balingen", "Ballenstedt", "Balve", "Bamberg", "Barby", "Bargteheide", "Barmstedt", "B\u00e4rnau", "Barntrup", "Barsinghausen", "Barth", "Baruth/Mark", "Bassum", "Battenberg Eder", "Baumholder", "Baunach", "Baunatal", "Bautzen", "Bayreuth", "Bebra", "Beckum", "Bedburg", "Beelitz", "Beerfelden", "Beeskow", "Beilngries", "Beilstein", "Belgern-Schildau", "Bendorf", "Bensheim", "Berching", "Berga/Elster", "Bergen", "Bergen auf R\u00fcgen", "Bergheim", "Bergisch Gladbach", "Bergkamen", "Bergneustadt", "Berka/Werra", "Berlin BE, Bundeshaupts", "Bernau bei Berlin", "Bernburg Saale", "Bernkastel-Kues", "Bernsdorf", "Bernstadt a. d. Eigen", "Bersenbr\u00fcck", "Besigheim", "Betzdorf", "Betzenstein", "Beverungen", "Bexbach", "Biberach an der Ri\u00df", "Biedenkopf", "Bielefeld", "Biesenthal", "Bietigheim-Bissingen", "Billerbeck", "Bingen am Rhein", "Birkenfeld", "Bischofsheim an der Rh\u00f6n", "Bischofswerda", "Bismark Altmark", "Bitburg", "Bitterfeld-Wolfen", "Blankenburg Harz", "Blankenhain", "Blaubeuren", "Blaustein", "Bleckede", "Bleicherode", "Blieskastel", "Blomberg", "Blumberg", "Bobingen", "B\u00f6blingen", "Bocholt", "Bochum", "Bockenem", "Bodenwerder", "Bogen", "B\u00f6hlen", "Boizenburg/Elbe", "Bonn NW, Bundess", "Bonndorf im Schwarzwald", "B\u00f6nnigheim", "Bopfingen", "Boppard", "Borgentreich", "Borgholzhausen", "Borken", "Borken", "Borkum", "Borna", "Bornheim", "Bottrop", "Boxberg", "Brackenheim", "Brake Unterweser", "Brakel", "Bramsche", "Brandenburg an der Havel", "Brand-Erbisdorf", "Brandis", "Braubach", "Braunfels", "Braunlage", "Br\u00e4unlingen", "Braunsbedra", "Braunschweig", "Breckerfeld", "Bredstedt", "Breisach am Rhein", "Bremen, Freie Hansestadt", "Bremerhaven", "Bremerv\u00f6rde", "Bretten", "Breuberg", "Brilon", "Brotterode-Trusetal", "Bruchk\u00f6bel", "Bruchsal", "Br\u00fcck", "Br\u00fcel", "Br\u00fchl", "Brunsb\u00fcttel", "Br\u00fcssow", "Buchen Odenwald", "Buchholz in der Nordheide", "Buchloe", "B\u00fcckeburg", "Buckow M\u00e4rkische Schweiz", "B\u00fcdelsdorf", "B\u00fcdingen", "B\u00fchl", "B\u00fcnde", "B\u00fcren", "Burg", "Burgau", "Burgbernheim", "Burgdorf", "B\u00fcrgel", "Burghausen", "Burgkunstadt", "Burglengenfeld", "Burgst\u00e4dt", "Burg Stargard", "Burgwedel", "Burladingen", "Burscheid", "B\u00fcrstadt", "Buttelstedt", "Buttst\u00e4dt", "Butzbach", "B\u00fctzow", "Buxtehude", "Calau", "Calbe Saale", "Calw", "Castrop-Rauxel", "Celle", "Cham", "Chemnitz", "Clausthal-Zellerfeld", "Clingen", "Cloppenburg", "Coburg", "Cochem", "Coesfeld", "Colditz", "Coswig", "Coswig Anhalt", "Cottbus", "Crailsheim", "Creglingen", "Creu\u00dfen", "Creuzburg", "Crimmitschau", "Crivitz", "Cuxhaven", "Dachau", "Dahlen", "Dahme/Mark", "Dahn", "Damme", "Dannenberg Elbe", "Dargun", "Darmstadt", "Dassel", "Dassow", "Datteln", "Daun", "Deggendorf", "Deidesheim", "Delbr\u00fcck", "Delitzsch", "Delmenhorst", "Demmin, Hansestadt", "Dessau-Ro\u00dflau", "Detmold", "Dettelbach", "Dieburg", "Diemelstadt", "Diepholz", "Dierdorf", "Dietenheim", "Dietfurt an der Altm\u00fchl", "Dietzenbach", "Diez", "Dillenburg", "Dillingen an der Donau", "Dillingen/Saar", "Dingelst\u00e4dt", "Dingolfing", "Dinkelsb\u00fchl", "Dinklage", "Dinslaken", "Dippoldiswalde", "Dissen am Teutoburger Wald", "Ditzingen", "D\u00f6beln", "Doberlug-Kirchhain", "D\u00f6bern", "Dohna", "D\u00f6mitz", "Dommitzsch", "Donaueschingen", "Donauw\u00f6rth", "Donzdorf", "Dorfen", "Dormagen", "Dornburg-Camburg", "Dornhan", "Dornstetten", "Dorsten", "Dortmund", "Dransfeld", "Drebkau", "Dreieich", "Drensteinfurt", "Dresden SN, ", "Drolshagen", "Duderstadt", "Duisburg", "D\u00fclmen", "D\u00fcren", "D\u00fcsseldorf NW, ", "Ebeleben", "Eberbach", "Ebermannstadt", "Ebern", "Ebersbach an der Fils", "Ebersbach-Neugersdorf", "Ebersberg", "Eberswalde", "Eckartsberga", "Eckernf\u00f6rde", "Edenkoben", "Egeln", "Eggenfelden", "Eggesin", "Ehingen Donau", "Ehrenfriedersdorf", "Eibelstadt", "Eibenstock", "Eichst\u00e4tt", "Eilenburg", "Einbeck", "Eisenach", "Eisenberg", "Eisenberg Pfalz", "Eisenh\u00fcttenstadt", "Eisfeld", "Eisleben, Lutherstadt", "Eislingen/Fils", "Ellingen", "Ellrich", "Ellwangen Jagst", "Elmshorn", "Elsdorf", "Elsfleth", "Elsterberg", "Elsterwerda", "Elstra", "Elterlein", "Eltmann", "Eltville am Rhein", "Elzach", "Elze", "Emden", "Emmelshausen", "Emmendingen", "Emmerich am Rhein", "Emsdetten", "Endingen am Kaiserstuhl", "Engen", "Enger", "Ennepetal", "Ennigerloh", "Eppelheim", "Eppingen", "Eppstein", "Erbach", "Erbach Odenwald", "Erbendorf", "Erding", "Erftstadt", "Erfurt TH, ", "Erkelenz", "Erkner", "Erkrath", "Erlangen", "Erlenbach am Main", "Erlensee", "Erwitte", "Eschborn", "Eschenbach in der Oberpfalz", "Eschershausen", "Eschwege", "Eschweiler", "Esens", "Espelkamp", "Essen", "Esslingen am Neckar", "Ettenheim", "Ettlingen", "Euskirchen", "Eutin", "Falkenberg/Elster", "Falkensee", "Falkenstein/Harz", "Falkenstein/Vogtl.", "Fehmarn", "Fellbach", "Felsberg", "Feuchtwangen", "Filderstadt", "Finsterwalde", "Fladungen", "Flensburg", "Fl\u00f6ha", "Fl\u00f6rsheim am Main", "Florstadt", "Forchheim", "Forchtenberg", "Forst Lausitz", "Frankenau", "Frankenberg Eder", "Frankenberg/Sa.", "Frankenthal Pfalz", "Frankfurt am Main", "Frankfurt Oder", "Franzburg", "Frauenstein", "Frechen", "Freiberg am Neckar", "Freiberg", "Freiburg im Breisgau", "Freilassing", "Freinsheim", "Freising", "Freital", "Freren", "Freudenberg", "Freudenberg", "Freudenstadt", "Freyburg Unstrut", "Freystadt", "Freyung", "Fridingen an der Donau", "Friedberg", "Friedberg", "Friedland", "Friedland", "Friedrichroda", "Friedrichsdorf", "Friedrichshafen", "Friedrichstadt", "Friedrichsthal", "Friesack", "Friesoythe", "Fritzlar", "Frohburg", "Fr\u00f6ndenberg/Ruhr", "Fulda", "F\u00fcrstenau", "F\u00fcrstenberg/Havel", "F\u00fcrstenfeldbruck", "F\u00fcrstenwalde/Spree", "F\u00fcrth", "Furth im Wald", "Furtwangen im Schwarzwald", "F\u00fcssen", "Gadebusch", "Gaggenau", "Gaildorf", "Gammertingen", "Garbsen", "Garching bei M\u00fcnchen", "Gardelegen", "Garding", "Gartz Oder", "Garz/R\u00fcgen", "Gau-Algesheim", "Gebesee", "Gedern", "Geesthacht", "Geestland", "Gefell", "Gefrees", "Gehrden", "Gehren", "Geilenkirchen", "Geisa", "Geiselh\u00f6ring", "Geisenfeld", "Geisenheim", "Geisingen", "Geislingen", "Geislingen an der Steige", "Geithain", "Geldern", "Gelnhausen", "Gelsenkirchen", "Gem\u00fcnden am Main", "Gem\u00fcnden Wohra", "Gengenbach", "Genthin", "Georgsmarienh\u00fctte", "Gera", "Gerabronn", "Gerbstedt", "Geretsried", "Geringswalde", "Gerlingen", "Germering", "Germersheim", "Gernsbach", "Gernsheim", "Gerolstein", "Gerolzhofen", "Gersfeld Rh\u00f6n", "Gersthofen", "Gescher", "Geseke", "Gevelsberg", "Geyer", "Giengen an der Brenz", "Gie\u00dfen", "Gifhorn", "Ginsheim-Gustavsburg", "Gladbeck", "Gladenbach", "Glash\u00fctte", "Glauchau", "Glinde", "Gl\u00fccksburg Ostsee", "Gl\u00fcckstadt", "Gnoien", "Goch", "Goldberg", "Goldkronach", "Gol\u00dfen", "Gommern", "G\u00f6ppingen", "G\u00f6rlitz", "Goslar", "G\u00f6\u00dfnitz", "Gotha", "G\u00f6ttingen", "Grabow", "Grafenau", "Gr\u00e4fenberg", "Gr\u00e4fenhainichen", "Gr\u00e4fenthal", "Grafenw\u00f6hr", "Grafing bei M\u00fcnchen", "Gransee", "Grebenau", "Grebenstein", "Greding", "Greifswald, Hansestadt", "Greiz", "Greu\u00dfen", "Greven", "Grevenbroich", "Grevesm\u00fchlen", "Griesheim", "Grimma", "Grimmen", "Gr\u00f6ditz", "Groitzsch", "Gronau Leine", "Gronau Westf.", "Gr\u00f6ningen", "Gro\u00dfalmerode", "Gro\u00df-Bieberau", "Gro\u00dfbottwar", "Gro\u00dfbreitenbach", "Gro\u00dfenehrich", "Gro\u00dfenhain", "Gro\u00df-Gerau", "Gro\u00dfr\u00e4schen", "Gro\u00dfr\u00f6hrsdorf", "Gro\u00dfschirma", "Gro\u00df-Umstadt", "Gr\u00fcnberg", "Gr\u00fcnhain-Beierfeld", "Gr\u00fcnsfeld", "Gr\u00fcnstadt", "Guben", "Gudensberg", "G\u00fcglingen", "Gummersbach", "Gundelfingen an der Donau", "Gundelsheim", "G\u00fcnzburg", "Gunzenhausen", "G\u00fcsten", "G\u00fcstrow", "G\u00fctersloh", "G\u00fctzkow", "Haan", "Hachenburg", "Hadamar", "Hagen", "Hagenbach", "Hagenow", "Haiger", "Haigerloch", "Hainichen", "Haiterbach", "Halberstadt", "Haldensleben", "Halle Saale", "Halle Westf.", "Hallenberg", "Hallstadt", "Haltern am See", "Halver", "Hamburg, Freie und Hansestadt", "Hameln", "Hamm", "Hammelburg", "Hamminkeln", "Hanau", "Hannover NI, ", "Hann. M\u00fcnden", "Harburg Schwaben", "Hardegsen", "Haren Ems", "Harsewinkel", "Hartenstein", "Hartha", "Harzgerode", "Hasel\u00fcnne", "Haslach im Kinzigtal", "Ha\u00dffurt", "Hattersheim am Main", "Hattingen", "Hatzfeld Eder", "Hausach", "Hauzenberg", "Havelberg", "Havelsee", "Hayingen", "Hechingen", "Hecklingen", "Heide", "Heideck", "Heidelberg", "Heidenau", "Heidenheim an der Brenz", "Heilbad Heiligenstadt", "Heilbronn", "Heiligenhafen", "Heiligenhaus", "Heilsbronn", "Heimbach", "Heimsheim", "Heinsberg", "Heitersheim", "Heldrungen", "Helmbrechts", "Helmstedt", "Hemau", "Hemer", "Hemmingen", "Hemmoor", "Hemsbach", "Hennef Sieg", "Hennigsdorf", "Heppenheim Bergstra\u00dfe", "Herbolzheim", "Herborn", "Herbrechtingen", "Herbstein", "Herdecke", "Herdorf", "Herford", "Heringen/Helme", "Heringen Werra", "Hermeskeil", "Hermsdorf", "Herne", "Herrenberg", "Herrieden", "Herrnhut", "Hersbruck", "Herten", "Herzberg am Harz", "Herzberg Elster", "Herzogenaurach", "Herzogenrath", "Hessisch Lichtenau", "Hessisch Oldendorf", "Hettingen", "Hettstedt", "Heubach", "Heusenstamm", "Hilchenbach", "Hildburghausen", "Hilden", "Hildesheim", "Hillesheim", "Hilpoltstein", "Hirschau", "Hirschberg", "Hirschhorn Neckar", "Hitzacker Elbe", "Hochheim am Main", "H\u00f6chstadt an der Aisch", "H\u00f6chst\u00e4dt an der Donau", "Hockenheim", "Hof", "Hofgeismar", "Hofheim am Taunus", "Hofheim in Unterfranken", "Hohenberg an der Eger", "Hohenleuben", "Hohenm\u00f6lsen", "Hohen Neuendorf", "Hohenstein-Ernstthal", "Hohnstein", "H\u00f6hr-Grenzhausen", "Hollfeld", "Holzgerlingen", "Holzminden", "Homberg Efze", "Homberg Ohm", "Homburg", "Horb am Neckar", "Hornbach", "Horn-Bad Meinberg", "Hornberg", "H\u00f6rstel", "Horstmar", "H\u00f6xter", "Hoya", "Hoyerswerda", "H\u00fcckelhoven", "H\u00fcckeswagen", "H\u00fcfingen", "H\u00fcnfeld", "Hungen", "H\u00fcrth", "Husum", "Ibbenb\u00fcren", "Ichenhausen", "Idar-Oberstein", "Idstein", "Illertissen", "Ilmenau", "Ilsenburg Harz", "Ilshofen", "Immenhausen", "Immenstadt im Allg\u00e4u", "Ingelfingen", "Ingelheim am Rhein", "Ingolstadt", "Iphofen", "Iserlohn", "Isny im Allg\u00e4u", "Isselburg", "Itzehoe", "Jarmen", "Jena", "Jerichow", "Jessen Elster", "Jever", "Joachimsthal", "Johanngeorgenstadt", "J\u00f6hstadt", "J\u00fclich", "J\u00fcterbog", "Kaarst", "Kahla", "Kaisersesch", "Kaiserslautern", "Kalbe Milde", "Kalkar", "Kaltenkirchen", "Kaltennordheim", "Kamen", "Kamenz", "Kamp-Lintfort", "Kandel", "Kandern", "Kappeln", "Karben", "Karlsruhe", "Karlstadt", "Kassel", "Kastellaun", "Katzenelnbogen", "Kaub", "Kaufbeuren", "Kehl", "Kelbra Kyffh\u00e4user", "Kelheim", "Kelkheim Taunus", "Kellinghusen", "Kelsterbach", "Kemberg", "Kemnath", "Kempen", "Kempten Allg\u00e4u", "Kenzingen", "Kerpen", "Ketzin/Havel", "Kevelaer", "Kiel SH, ", "Kierspe", "Kindelbr\u00fcck", "Kirchberg", "Kirchberg an der Jagst", "Kirchberg Hunsr\u00fcck", "Kirchen Sieg", "Kirchenlamitz", "Kirchhain", "Kirchheimbolanden", "Kirchheim unter Teck", "Kirn", "Kirtorf", "Kitzingen", "Kitzscher", "Kleve", "Klingenberg am Main", "Klingenthal", "Kl\u00f6tze", "Kl\u00fctz", "Knittlingen", "Koblenz", "Kohren-Sahlis", "Kolbermoor", "K\u00f6lleda", "K\u00f6ln", "K\u00f6nigsberg in Bayern", "K\u00f6nigsbr\u00fcck", "K\u00f6nigsbrunn", "K\u00f6nigsee-Rottenbach", "K\u00f6nigslutter am Elm", "K\u00f6nigstein im Taunus", "K\u00f6nigstein S\u00e4chsische Schweiz", "K\u00f6nigswinter", "K\u00f6nigs Wusterhausen", "K\u00f6nnern", "Konstanz", "Konz", "Korbach", "Korntal-M\u00fcnchingen", "Kornwestheim", "Korschenbroich", "K\u00f6then Anhalt", "Kraichtal", "Krakow am See", "Kranichfeld", "Krautheim", "Krefeld", "Kremmen", "Krempe", "Kreuztal", "Kronach", "Kronberg im Taunus", "Kr\u00f6pelin", "Kroppenstedt", "Krumbach Schwaben", "K\u00fchlungsborn", "Kulmbach", "K\u00fclsheim", "K\u00fcnzelsau", "Kupferberg", "Kuppenheim", "Kusel", "Kyllburg", "Kyritz", "Laage", "Laatzen", "Ladenburg", "Lage", "Lahnstein", "Lahr/Schwarzwald", "Laichingen", "Lambrecht Pfalz", "Lampertheim", "Landau an der Isar", "Landau in der Pfalz", "Landsberg am Lech", "Landsberg", "Landshut", "Landstuhl", "Langelsheim", "Langen", "Langenau", "Langenburg", "Langenfeld Rheinland", "Langenhagen", "Langenselbold", "Langenzenn", "Langewiesen", "Lassan", "Laubach", "Laucha an der Unstrut", "Lauchhammer", "Lauchheim", "Lauda-K\u00f6nigshofen", "Lauenburg/Elbe", "Lauf an der Pegnitz", "Laufen", "Laufenburg Baden", "Lauffen am Neckar", "Lauingen Donau", "Laupheim", "Lauscha", "Lauta", "Lauter-Bernsbach", "Lauterbach", "Lauterecken", "Lauterstein", "Lebach", "Lebus", "Leer Ostfriesland", "Lehesten", "Lehrte", "Leichlingen Rheinland", "Leimen", "Leinefelde-Worbis", "Leinfelden-Echterdingen", "Leipheim", "Leipzig", "Leisnig", "Lemgo", "Lengenfeld", "Lengerich", "Lennestadt", "Lenzen", "Leonberg", "Leun", "Leuna", "Leutenberg", "Leutershausen", "Leutkirch im Allg\u00e4u", "Leverkusen", "Lich", "Lichtenau", "Lichtenau", "Lichtenberg", "Lichtenfels", "Lichtenfels", "Lichtenstein/Sa.", "Liebenau", "Liebenwalde", "Lieberose", "Liebstadt", "Limbach-Oberfrohna", "Limburg an der Lahn", "Lindau Bodensee", "Linden", "Lindenberg im Allg\u00e4u", "Lindenfels", "Lindow Mark", "Lingen Ems", "Linnich", "Linz am Rhein", "Lippstadt", "L\u00f6bau", "L\u00f6ffingen", "Lohmar", "Lohne Oldenburg", "L\u00f6hne", "Lohr am Main", "Loitz", "Lollar", "Lommatzsch", "L\u00f6ningen", "Lorch", "Lorch", "L\u00f6rrach", "Lorsch", "L\u00f6\u00dfnitz", "L\u00f6wenstein", "L\u00fcbbecke", "L\u00fcbben Spreewald", "L\u00fcbbenau/Spreewald", "L\u00fcbeck, Hansestadt", "L\u00fcbtheen", "L\u00fcbz", "L\u00fcchow Wendland", "Lucka", "Luckau", "Luckenwalde", "L\u00fcdenscheid", "L\u00fcdinghausen", "Ludwigsburg", "Ludwigsfelde", "Ludwigshafen am Rhein", "Ludwigslust", "Ludwigsstadt", "Lugau", "L\u00fcgde", "L\u00fcneburg, Hansestadt", "L\u00fcnen", "Lunzenau", "L\u00fctjenburg", "L\u00fctzen", "Lychen", "Magdala", "Magdeburg ST, ", "Mahlberg", "Mainbernheim", "Mainburg", "Maintal", "Mainz RP, ", "Malchin", "Malchow", "Mannheim", "Manderscheid", "Mansfeld", "Marbach am Neckar", "Marburg", "Marienberg", "Marienm\u00fcnster", "Markdorf", "Markgr\u00f6ningen", "M\u00e4rkisch Buchholz", "Markkleeberg", "Markneukirchen", "Markranst\u00e4dt", "Marktbreit", "Marktheidenfeld", "Marktleuthen", "Marktoberdorf", "Marktredwitz", "Marktsteft", "Marl", "Marlow", "Marne", "Marsberg", "Maulbronn", "Maxh\u00fctte-Haidhof", "Mayen", "Mechernich", "Meckenheim", "Medebach", "Meerane", "Meerbusch", "Meersburg", "Meinerzhagen", "Meiningen", "Meisenheim", "Mei\u00dfen", "Meldorf", "Melle", "Mellrichstadt", "Melsungen", "Memmingen", "Menden Sauerland", "Mendig", "Mengen", "Meppen", "Merkendorf", "Merseburg", "Merzig", "Meschede", "Me\u00dfkirch", "Me\u00dfstetten", "Mettmann", "Metzingen", "Meuselwitz", "Meyenburg", "Michelstadt", "Miesbach", "Miltenberg", "Mindelheim", "Minden", "Mirow", "Mittenwalde", "Mitterteich", "Mittweida", "M\u00f6ckern", "M\u00f6ckm\u00fchl", "Moers", "M\u00f6lln", "M\u00f6nchengladbach", "Monheim am Rhein", "Monheim", "Monschau", "Montabaur", "Moosburg an der Isar", "M\u00f6rfelden-Walldorf", "Moringen", "Mosbach", "M\u00f6ssingen", "M\u00fccheln Geiseltal", "M\u00fcgeln", "M\u00fchlacker", "M\u00fchlberg/Elbe", "M\u00fchldorf am Inn", "M\u00fchlhausen/Th\u00fcringen", "M\u00fchlheim am Main", "M\u00fchlheim an der Donau", "M\u00fclheim an der Ruhr", "M\u00fclheim-K\u00e4rlich", "M\u00fcllheim", "M\u00fcllrose", "M\u00fcnchberg", "M\u00fcncheberg", "M\u00fcnchen BY, ", "M\u00fcnchenbernsdorf", "Munderkingen", "M\u00fcnnerstadt", "M\u00fcnsingen", "Munster", "M\u00fcnster", "M\u00fcnstermaifeld", "M\u00fcnzenberg", "Murrhardt", "Nabburg", "Nagold", "Naila", "Nassau", "Nast\u00e4tten", "Nauen", "Naumburg", "Naumburg Saale", "Naunhof", "Nebra Unstrut", "Neckarbischofsheim", "Neckargem\u00fcnd", "Neckarsteinach", "Neckarsulm", "Neresheim", "Netphen", "Nettetal", "Netzschkau", "Neu-Anspach", "Neubrandenburg", "Neubukow", "Neubulach", "Neuburg an der Donau", "Neudenau", "Neuenb\u00fcrg", "Neuenburg am Rhein", "Neuenhaus", "Neuenrade", "Neuenstadt am Kocher", "Neuenstein", "Neuerburg", "Neuffen", "Neuhaus am Rennweg", "Neu-Isenburg", "Neukalen", "Neukirchen", "Neukirchen-Vluyn", "Neukloster", "Neumark", "Neumarkt in der Oberpfalz", "Neumarkt-Sankt Veit", "Neum\u00fcnster", "Neunburg vorm Wald", "Neunkirchen", "Neu\u00f6tting", "Neuruppin", "Neusalza-Spremberg", "Neus\u00e4\u00df", "Neuss", "Neustadt an der Aisch", "Neustadt an der Donau", "Neustadt an der Waldnaab", "Neustadt am Kulm", "Neustadt am R\u00fcbenberge", "Neustadt an der Orla", "Neustadt an der Weinstra\u00dfe", "Neustadt bei Coburg", "Neustadt Dosse", "Neustadt-Glewe", "Neustadt", "Neustadt in Holstein", "Neustadt in Sachsen", "Neustrelitz", "Neutraubling", "Neu-Ulm", "Neuwied", "Nidda", "Niddatal", "Nidderau", "Nideggen", "Nieb\u00fcll", "Niedenstein", "Niederkassel", "Niedernhall", "Nieder-Olm", "Niederstetten", "Niederstotzingen", "Nieheim", "Niemegk", "Nienburg Saale", "Nienburg/Weser", "Nierstein", "Niesky", "Nittenau", "Norden", "Nordenham", "Norderney", "Norderstedt", "Nordhausen", "Nordhorn", "N\u00f6rdlingen", "Northeim", "Nortorf", "Nossen", "N\u00fcrnberg", "N\u00fcrtingen", "Oberasbach", "Oberharz am Brocken", "Oberhausen", "Oberhof", "Oberkirch", "Oberkochen", "Oberlungwitz", "Obermoschel", "Obernburg am Main", "Oberndorf am Neckar", "Obernkirchen", "Ober-Ramstadt", "Oberriexingen", "Obertshausen", "Oberursel Taunus", "Oberviechtach", "Oberwei\u00dfbach/Th\u00fcr. Wald", "Oberwesel", "Oberwiesenthal", "Ochsenfurt", "Ochsenhausen", "Ochtrup", "Oderberg", "Oebisfelde-Weferlingen", "Oederan", "Oelde", "Oelsnitz/Erzgeb.", "Oelsnitz/Vogtl.", "Oer-Erkenschwick", "Oerlinghausen", "Oestrich-Winkel", "Oettingen in Bayern", "Offenbach am Main", "Offenburg", "Ohrdruf", "\u00d6hringen", "Olbernhau", "Olching", "Oldenburg Oldb", "Oldenburg in Holstein", "Olfen", "Olpe", "Olsberg", "Oppenau", "Oppenheim", "Oranienbaum-W\u00f6rlitz", "Oranienburg", "Orlam\u00fcnde", "Ornbau", "Ortenberg", "Ortrand", "Oschatz", "Oschersleben Bode", "Osnabr\u00fcck", "Osterburg Altmark", "Osterburken", "Osterfeld", "Osterhofen", "Osterholz-Scharmbeck", "Osterode am Harz", "Osterwieck", "Ostfildern", "Ostheim vor der Rh\u00f6n", "Osthofen", "\u00d6stringen", "Ostritz", "Otterberg", "Otterndorf", "Ottweiler", "Overath", "Owen", "Paderborn", "Papenburg", "Pappenheim", "Parchim", "Parsberg", "Pasewalk", "Passau", "Pattensen", "Pausa-M\u00fchltroff", "Pegau", "Pegnitz", "Peine", "Peitz", "Penig", "Penkun", "Penzberg", "Penzlin", "Perleberg", "Petershagen", "Pfaffenhofen an der Ilm", "Pfarrkirchen", "Pforzheim", "Pfreimd", "Pfullendorf", "Pfullingen", "Pfungstadt", "Philippsburg", "Pinneberg", "Pirmasens", "Pirna", "Plattling", "Plau am See", "Plaue", "Plauen", "Plettenberg", "Pleystein", "Plochingen", "Pl\u00f6n", "Pockau-Lengefeld", "Pocking", "Pohlheim", "Polch", "Porta Westfalica", "P\u00f6\u00dfneck", "Potsdam BB, ", "Pottenstein", "Preetz", "Premnitz", "Prenzlau", "Pressath", "Preu\u00dfisch Oldendorf", "Prichsenstadt", "Pritzwalk", "Pr\u00fcm", "Puchheim", "Pulheim", "Pulsnitz", "Putbus", "Putlitz", "P\u00fcttlingen", "Quakenbr\u00fcck", "Quedlinburg", "Querfurt", "Quickborn", "Rabenau", "Radeberg", "Radebeul", "Radeburg", "Radevormwald", "Radolfzell am Bodensee", "Raguhn-Je\u00dfnitz", "Rahden", "Rain", "Ramstein-Miesenbach", "Ranis", "Ransbach-Baumbach", "Rastatt", "Rastenberg", "Rathenow", "Ratingen", "Ratzeburg", "Rauenberg", "Raunheim", "Rauschenberg", "Ravensburg", "Ravenstein", "Recklinghausen", "Rees", "Regen", "Regensburg", "Regis-Breitingen", "Rehau", "Rehburg-Loccum", "Rehna", "Reichelsheim Wetterau", "Reichenbach im Vogtland", "Reichenbach/O.L.", "Reinbek", "Reinfeld Holstein", "Reinheim", "Remagen", "Remda-Teichel", "Remscheid", "Remseck am Neckar", "Renchen", "Rendsburg", "Rennerod", "Renningen", "Rerik", "Rethem Aller", "Reutlingen", "Rheda-Wiedenbr\u00fcck", "Rhede", "Rheinau", "Rheinbach", "Rheinberg", "Rheinb\u00f6llen", "Rheine", "Rheinfelden Baden", "Rheinsberg", "Rheinstetten", "Rhens", "Rhinow", "Ribnitz-Damgarten", "Richtenberg", "Riedenburg", "Riedlingen", "Riedstadt", "Rieneck", "Riesa", "Rietberg", "Rinteln", "R\u00f6bel/M\u00fcritz", "Rochlitz", "Rockenhausen", "Rodalben", "Rodenberg", "R\u00f6dental", "R\u00f6dermark", "Rodewisch", "Rodgau", "Roding", "R\u00f6mhild", "Romrod", "Ronneburg", "Ronnenberg", "Rosbach vor der H\u00f6he", "Rosenfeld", "Rosenheim", "Rosenthal", "R\u00f6srath", "Ro\u00dfleben", "Ro\u00dfwein", "Rostock, Hansestadt", "Rotenburg an der Fulda", "Rotenburg W\u00fcmme", "Roth", "R\u00f6tha", "R\u00f6thenbach an der Pegnitz", "Rothenburg/O.L.", "Rothenburg ob der Tauber", "Rothenfels", "Rottenburg am Neckar", "Rottenburg a.d.Laaber", "R\u00f6ttingen", "Rottweil", "R\u00f6tz", "R\u00fcdesheim am Rhein", "Rudolstadt", "Ruhla", "Ruhland", "Runkel", "R\u00fcsselsheim am Main", "Rutesheim", "R\u00fcthen", "Saalburg-Ebersdorf", "Saalfeld/Saale", "Saarbr\u00fccken SL, ", "Saarburg", "Saarlouis", "Sachsenhagen", "Sachsenheim", "Salzgitter", "Salzkotten", "Salzwedel, Hansestadt", "Sandau Elbe", "Sandersdorf-Brehna", "Sangerhausen", "Sankt Augustin", "Sankt Goar", "Sankt Goarshausen", "Sarstedt", "Sassenberg", "Sassnitz", "Sayda", "Schalkau", "Schauenstein", "Scheer", "Scheibenberg", "Scheinfeld", "Schelklingen", "Schenefeld", "Sche\u00dflitz", "Schieder-Schwalenberg", "Schifferstadt", "Schillingsf\u00fcrst", "Schiltach", "Schirgiswalde-Kirschau", "Schkeuditz", "Schk\u00f6len", "Schleiden", "Schleiz", "Schleswig", "Schlettau", "Schleusingen", "Schlieben", "Schlitz", "Schlo\u00df Holte-Stukenbrock", "Schlotheim", "Schl\u00fcchtern", "Schl\u00fcsselfeld", "Schmalkalden", "Schmallenberg", "Schm\u00f6lln", "Schnackenburg", "Schnaittenbach", "Schneeberg", "Schneverdingen", "Sch\u00f6mberg", "Sch\u00f6nau", "Sch\u00f6nau im Schwarzwald", "Sch\u00f6nberg", "Sch\u00f6nebeck Elbe", "Sch\u00f6neck/Vogtl.", "Sch\u00f6newalde", "Schongau", "Sch\u00f6ningen", "Sch\u00f6nsee", "Sch\u00f6nwald", "Schopfheim", "Sch\u00f6ppenstedt", "Schorndorf", "Schortens", "Schotten", "Schramberg", "Schraplau", "Schriesheim", "Schrobenhausen", "Schrozberg", "Sch\u00fcttorf", "Schwaan", "Schwabach", "Schw\u00e4bisch Gm\u00fcnd", "Schw\u00e4bisch Hall", "Schwabm\u00fcnchen", "Schwaigern", "Schwalbach am Taunus", "Schwalmstadt", "Schwandorf", "Schwanebeck", "Schwarzenbach am Wald", "Schwarzenbach an der Saale", "Schwarzenbek", "Schwarzenberg/Erzgeb.", "Schwarzenborn", "Schwarzheide", "Schwedt/Oder", "Schweich", "Schweinfurt", "Schwelm", "Schwentinental", "Schwerin MV, ", "Schwerte", "Schwetzingen", "Sebnitz", "Seehausen Altmark", "Seeland", "Seelow", "Seelze", "Seesen", "Sehnde", "Seifhennersdorf", "Selb", "Selbitz", "Seligenstadt", "Selm", "Selters Westerwald", "Senden", "Sendenhorst", "Senftenberg", "Se\u00dflach", "Siegburg", "Siegen", "Sigmaringen", "Simbach am Inn", "Simmern/Hunsr\u00fcck", "Sindelfingen", "Singen Hohentwiel", "Sinsheim", "Sinzig", "Soest", "Solingen", "Solms", "Soltau", "S\u00f6mmerda", "Sondershausen", "Sonneberg", "Sonnewalde", "Sonthofen", "Sontra", "Spaichingen", "Spalt", "Spangenberg", "Speicher Eifel", "Spenge", "Speyer", "Spremberg", "Springe", "Sprockh\u00f6vel", "Stade", "Stadtallendorf", "Stadtbergen", "Stadthagen", "Stadtilm", "Stadtlengsfeld", "Stadtlohn", "Stadtoldendorf", "Stadtprozelten", "Stadtroda", "Stadtsteinach", "Stadt Wehlen", "Starnberg", "Sta\u00dffurt", "Staufen im Breisgau", "Staufenberg", "Stavenhagen", "St. Blasien", "Stein", "Steinach", "Steinau an der Stra\u00dfe", "Steinbach-Hallenberg", "Steinbach Taunus", "Steinfurt", "Steinheim an der Murr", "Steinheim", "Stendal", "Sternberg", "St. Ingbert", "St. Georgen im Schwarzwald", "Stockach", "Stolberg Rheinland", "Stollberg/Erzgeb.", "Stolpen", "Storkow Mark", "St\u00f6\u00dfen", "Straelen", "Stralsund, Hansestadt", "Strasburg Uckermark", "Straubing", "Strausberg", "Strehla", "Stromberg", "St\u00fchlingen", "Stutensee", "Stuttgart BW, ", "St. Wendel", "Suhl", "Sulingen", "Sulz am Neckar", "Sulzbach/Saar", "Sulzbach-Rosenberg", "Sulzburg", "Sundern Sauerland", "S\u00fcdliches Anhalt", "S\u00fc\u00dfen", "Syke", "Tambach-Dietharz", "Tangerh\u00fctte", "Tangerm\u00fcnde", "Tann Rh\u00f6n", "Tanna", "Tauberbischofsheim", "Taucha", "Taunusstein", "Tecklenburg", "Tegernsee", "Telgte", "Teltow", "Templin", "Tengen", "Tessin", "Teterow", "Tettnang", "Teublitz", "Teuchern", "Teupitz", "Teuschnitz", "Thale", "Thalheim/Erzgeb.", "Thannhausen", "Tharandt", "Themar", "Thum", "Tirschenreuth", "Titisee-Neustadt", "Tittmoning", "Todtnau", "T\u00f6ging am Inn", "T\u00f6nisvorst", "T\u00f6nning", "Torgau", "Torgelow", "Tornesch", "Traben-Trarbach", "Traunreut", "Traunstein", "Trebbin", "Trebsen/Mulde", "Treffurt", "Trendelburg", "Treuchtlingen", "Treuen", "Treuenbrietzen", "Triberg im Schwarzwald", "Tribsees", "Trier", "Triptis", "Trochtelfingen", "Troisdorf", "Trossingen", "Trostberg", "T\u00fcbingen", "Tuttlingen", "Twistringen", "\u00dcbach-Palenberg", "\u00dcberlingen", "Uebigau-Wahrenbr\u00fcck", "Ueckerm\u00fcnde", "Uelzen", "Uetersen", "Uffenheim", "Uhingen", "Ulm", "Ulmen", "Ulrichstein", "Ummerstadt", "Unkel", "Unna", "Unterschlei\u00dfheim", "Usedom", "Usingen", "Uslar", "Vacha", "Vaihingen an der Enz", "Vallendar", "Varel", "Vechta", "Velbert", "Velburg", "Velden", "Vellberg", "Velen", "Vellmar", "Velten", "Verden Aller", "Veringenstadt", "Verl", "Versmold", "Vetschau/Spreewald", "Viechtach", "Viernheim", "Viersen", "Villingen-Schwenningen", "Vilsbiburg", "Vilseck", "Vilshofen an der Donau", "Visselh\u00f6vede", "Vlotho", "Voerde Niederrhein", "Vogtsburg im Kaiserstuhl", "Vohburg an der Donau", "Vohenstrau\u00df", "V\u00f6hrenbach", "V\u00f6hringen", "Volkach", "V\u00f6lklingen", "Volkmarsen", "Vreden", "Wachenheim an der Weinstra\u00dfe", "W\u00e4chtersbach", "Wadern", "Wagh\u00e4usel", "Wahlstedt", "Waiblingen", "Waibstadt", "Waischenfeld", "Waldbr\u00f6l", "Waldeck", "Waldenbuch", "Waldenburg", "Waldenburg", "Waldershof", "Waldheim", "Waldkappel", "Waldkirch", "Waldkirchen", "Waldkraiburg", "Waldm\u00fcnchen", "Waldsassen", "Waldshut-Tiengen", "Walldorf", "Walld\u00fcrn", "Wallenfels", "Walsrode", "Waltershausen", "Waltrop", "Wanfried", "Wangen im Allg\u00e4u", "Wanzleben-B\u00f6rde", "Warburg", "Waren M\u00fcritz", "Warendorf", "Warin", "Warstein", "Wassenberg", "Wasserburg am Inn", "Wassertr\u00fcdingen", "Wasungen", "Wedel", "Weener", "Wegberg", "Wegeleben", "Wehr", "Weida", "Weiden in der Oberpfalz", "Weikersheim", "Weil am Rhein", "Weilburg", "Weil der Stadt", "Weilheim an der Teck", "Weilheim in Oberbayern", "Weimar", "Weingarten", "Weinheim", "Weinsberg", "Weinstadt", "Weismain", "Wei\u00dfenberg", "Wei\u00dfenburg in Bayern", "Wei\u00dfenfels", "Wei\u00dfenhorn", "Wei\u00dfensee", "Wei\u00dfenstadt", "Wei\u00dfenthurm", "Wei\u00dfwasser/O.L.", "Weiterstadt", "Welzheim", "Welzow", "Wemding", "Wendlingen am Neckar", "Werben Elbe", "Werdau", "Werder Havel", "Werdohl", "Werl", "Werlte", "Wermelskirchen", "Wernau Neckar", "Werne", "Werneuchen", "Wernigerode", "Wertheim", "Werther Westf.", "Wertingen", "Wesel", "Wesenberg", "Wesselburen", "Wesseling", "Westerburg", "Westerstede", "Wetter Ruhr", "Wetter", "Wettin-L\u00f6bej\u00fcn", "Wetzlar", "Widdern", "Wiehe", "Wiehl", "Wiesbaden HE, ", "Wiesmoor", "Wiesensteig", "Wiesloch", "Wildau", "Wildberg", "Wildenfels", "Wildeshausen", "Wilhelmshaven", "Wilkau-Ha\u00dflau", "Willebadessen", "Willich", "Wilsdruff", "Wilster", "Wilthen", "Windischeschenbach", "Windsbach", "Winnenden", "Winsen Luhe", "Winterberg", "Wipperf\u00fcrth", "Wirges", "Wismar, Hansestadt", "Wissen", "Witten", "Wittenberg", "Wittenberge", "Wittenburg", "Wittichenau", "Wittlich", "Wittingen", "Wittmund", "Wittstock/Dosse", "Witzenhausen", "Woldegk", "Wolfach", "Wolfenb\u00fcttel", "Wolfhagen", "Wolframs-Eschenbach", "Wolfratshausen", "Wolfsburg", "Wolfstein", "Wolgast", "Wolkenstein", "Wolmirstedt", "Worms", "W\u00f6rrstadt", "W\u00f6rth am Rhein", "W\u00f6rth an der Donau", "W\u00f6rth am Main", "Wriezen", "W\u00fclfrath", "Wunsiedel", "Wunstorf", "Wuppertal", "W\u00fcrselen", "Wurzbach", "W\u00fcrzburg", "Wurzen", "Wustrow Wendland", "Wyk auf F\u00f6hr", "Xanten", "Zahna-Elster", "Zarrentin am Schaalsee", "Zehdenick", "Zeil am Main", "Zeitz", "Zell am Harmersbach", "Zell im Wiesental", "Zell Mosel", "Zella-Mehlis", "Zerbst/Anhalt", "Zeulenroda-Triebes", "Zeven", "Ziegenr\u00fcck", "Zierenberg", "Ziesar", "Zirndorf", "Zittau", "Z\u00f6rbig", "Zossen", "Zschopau", "Z\u00fclpich", "Zweibr\u00fccken", "Zwenkau", "Zwickau", "Zwiesel", "Zwingenberg", "Zw\u00f6nitz"]
